,asset,price,lqdt,divd,dy,dy3ac,dy6ac,dy12ac,dy3m,dy6m,dy12m,dyy,price_delta,profitability,profitability_ac,liq_patr,vpa,pvp,dyp,patr_delta,sector_none,sector_hosp,sector_hotel,sector_hbd,sector_corp,sector_log,sector_other,sector_resd,sector_shop,sector_title
0,KINP11,12.99,2164.0,0.37073649532858,2.89637886975453,7.32657694878497,0.0,0.0,2.44219231626166,0.0,0.0,9.82480131083741,0.0,2.89637886975453,0.745978544558401,49695162.91,6.952381,1.8684246447368176,-9999999999.0,-9999999999.0,0,0,0,0,0,0,0,1,0,0
1,HGLG11,162.0,25676.0,3.3,2.00705510278555,3.3439678945142,5.32278377781904,9.68830228560704,1.11465596483807,0.887130629636507,0.807358523800587,5.32278377781904,-0.411871592973956,1.5869170199879,1.88984587207151,3501807619.41,149.288321,1.0851485160717964,0.73682923930801,0.470539739947373,0,0,0,0,0,1,0,0,0,0
2,TORD11,8.62,68954.0,0.17,1.94063926940639,3.98300089914666,6.33047607929481,12.2652447872773,1.32766696638222,1.05507934654913,1.02210373227311,6.33047607929481,-6.41025641025641,-4.59401709401709,-3.32802848703515,500070556.28,14.266797,0.6042000877982633,0.490649723270051,7.22538145895184,0,0,0,0,0,0,1,0,0,0
3,JPPA11,102.5,6406.0,2.04,1.92271442035815,5.58392081181665,9.89126280633975,16.6400921747175,1.86130693727222,1.64854380105663,1.38667434789312,9.89126280633975,2.11742059672761,4.08084696823869,20.0356354084795,64361837.77,106.565686,0.9618480755615837,1.87677673280309,0.245518805341871,0,0,0,0,0,0,0,0,0,1
4,RZAK11,97.5,23917.0,1.8,1.83767228177642,4.88484254428983,9.03635669009665,14.8570527631545,1.62828084809661,1.50605944834944,1.23808773026287,7.64287738483348,-0.497765136123518,1.33075985371802,10.9363927609988,282821145.09,94.219256,1.0348203131640097,1.27362500081724,0.348724689917668,0,0,0,0,0,0,0,0,0,1
5,NEWL11,93.29,326.0,1.7,1.82795698924731,3.47040827238763,5.82793905337611,10.9556746718947,1.15680275746254,0.971323175562684,0.912972889324562,5.8279390533761,-2.07433926503107,-0.284300305359586,-3.66660265608492,237060611.85,116.600624,0.8000814815536494,0.686102674716389,0.131443714823698,0,0,0,1,0,0,0,0,0,0
6,PORD11,97.0,4727.0,1.72,1.76464553195855,4.8278895134027,8.54204731556201,14.5932012518618,1.60929650446757,1.42367455259367,1.21610010432182,8.54204731556201,0.984251968503935,2.76626605884789,13.50876251405,369859708.13,99.201316,0.9778096088967206,1.42135211190142,0.030103418259575,0,0,0,0,0,0,0,0,0,1
7,VGIP11,99.5,51905.0,1.75,1.74511368169126,4.64351223843569,8.70094761553757,15.8667298783773,1.5478374128119,1.45015793592293,1.32222748986477,7.09993849463711,0.814315874132898,2.57364029355582,6.59129517420765,1095538563.59,92.914394,1.0708782107538688,1.88345413951685,-0.691421582152707,0,0,0,0,0,0,1,0,0,0
8,ARCT11,107.4,27265.0,1.86,1.70642201834862,5.15450555530191,9.60201997362056,16.4037572698471,1.71816851843397,1.60033666227009,1.36697977248726,8.02595222547241,2.79139947189739,4.54545454545454,7.79243300470893,288419391.7,100.195442,1.071905047337383,1.63731426625175,0.23095884026505,0,0,0,1,0,0,0,0,0,0
9,FLCR11,97.89,2913.0,1.69,1.68645843728171,5.06082391951521,8.89419728659259,16.9289870888353,1.68694130650507,1.4823662144321,1.41074892406961,8.89419728659259,0.209999999999999,1.89999999999999,9.96397317761317,65942593.31,104.075406,0.9405680339118735,1.68147314265582,3.0449605166321,0,0,0,0,0,0,0,0,0,1
10,CBOP11,60.99,1250.0,1.03,1.68631303208906,3.23708339544816,5.53529912968158,13.3769261685902,1.07902779848272,0.92254985494693,1.11474384738252,5.53529912968157,-3.04761904761905,-1.41269841269842,-11.470983861161,110193615.85,77.875347,0.7831746804287113,0.629210679472157,-12.8079242313363,0,0,0,0,1,0,0,0,0,0
11,BIME11,9.17,20122.0,0.16,1.68243953732913,4.67010198530331,8.16520629037918,0.0,1.55670066176777,1.3608677150632,0.0,8.16520629037918,-2.56147540983607,-0.922131147540994,6.54200456753096,55313386.31,9.462393,0.9690994656425704,1.58522268098567,-0.491401886672804,1,0,0,0,0,0,0,0,0,0
12,RBHG11,85.45,2936.0,1.46,1.67048054919908,4.36081765167939,7.94347688446634,14.9101587011708,1.45360588389313,1.32391281407772,1.24251322509757,7.94347688446634,-3.53200883002206,-1.92052980132448,6.33630178715461,166795155.28,96.548329,0.8850489789419349,1.3464759188116,0.0763910669945966,0,0,0,0,0,0,0,0,0,1
13,MBRF11,565.1,219.0,10.0,1.66672222407414,4.90960841609839,8.97008094978553,15.3860434186118,1.63653613869946,1.49501349163092,1.28217028488432,10.1648541315294,9.08727272727272,10.9054545454545,-16.5318630656427,113735279.34,1118.73701,0.5051231835085174,0.89386512742615,0.0155670282508291,0,0,0,0,0,0,1,0,0,0
14,URPR11,108.02,44240.0,1.85,1.65178571428571,5.17847832142038,9.34112960629504,18.3489285569926,1.72615944047346,1.55685493438251,1.52907737974939,9.34112960629503,0.692259282567642,2.35547963678864,2.14190222799209,574027635.81,104.014482,1.0385092337430475,1.93242321775923,4.45779251480944,0,0,0,0,0,0,1,0,0,0
15,GCRI11,97.44,3024.0,1.55,1.55622489959839,4.55381310062955,8.57970453967208,14.8226165164997,1.51793770020985,1.42995075661201,1.23521804304164,7.19276986630525,-0.390039003900389,1.16011601160115,8.48061366840678,98377736.44,98.346266,0.9907849475444243,1.504886825088,-1.03104010846484,0,0,0,0,0,0,0,0,0,1
16,RBHY11,97.67,410.0,1.54,1.55429955591441,4.29433408040895,7.94241189508294,15.6025557696062,1.43144469346965,1.32373531584716,1.30021298080052,7.94241189508293,-0.721442885771539,0.821643286573148,4.26304185162947,185762734.8,98.105225,0.9955636919440325,1.47800486671327,0.195953851445818,0,0,0,0,0,0,0,0,0,1
17,OUJP11,94.15,6351.0,1.47,1.52205425553945,4.35471818590687,8.36280938021528,14.3072654143225,1.45157272863562,1.39380156336921,1.19227211786021,8.36280938021528,1.66315789473683,3.21052631578946,14.7672936265967,330593078.37,101.646386,0.926250344011247,1.37732393161524,-0.135805396522837,0,0,0,0,0,0,0,0,0,1
18,SNFF11,89.67,3851.0,1.3,1.50969689931483,3.02389719510882,5.26157666752576,9.20864132688353,1.00796573170294,0.876929444587626,0.767386777240294,4.55336137007533,3.82204002893658,5.38943814805886,2.14371829531412,228274891.17,91.309956,0.9820396803170073,0.711861037365958,-1.05561175759409,0,0,0,0,0,0,0,0,0,1
19,VSLH11,9.17,85588.0,0.14,1.50699677072121,3.97517887671753,7.57210159003841,15.6702498198637,1.32505962557251,1.26201693167307,1.30585415165531,7.57210159003841,0.0,1.50699677072121,2.72795925219389,309775483.06,10.372842,0.8840393018615341,1.15686713438805,2.15826785472644,0,0,0,0,0,0,1,0,0,0
20,MORC11,96.7,8508.0,1.5,1.5043626516899,4.43922265582432,8.28610143380024,0.0,1.47974088527477,1.38101690563337,0.0,7.03610143380024,-2.24509803921569,-0.774509803921575,6.93606163869813,78429486.55,100.558359,0.9616306487260796,1.4916711200508,-0.276558560467444,0,0,0,0,0,0,0,0,0,1
21,BBFI11B,1760.0,61.0,26.656695188,1.49255283866561,3.97833481683921,7.68549012236024,15.1257180032354,1.32611160561307,1.28091502039337,1.26047650026962,7.68549012236023,-7.74896694214876,-6.37207152954545,-15.6372605977256,370762576.82,2852.019822,0.6171065104189166,1.12359678403385,0.129514344598647,0,0,0,0,1,0,0,0,0,0
22,BARI11,100.04,8351.0,1.5,1.48514851485149,4.19541206774593,7.38330065651598,14.1702539230247,1.39847068924864,1.23055010941933,1.18085449358539,7.383300656516,0.397614314115313,1.88866799204772,3.60242575512795,474303437.32,102.348703,0.9774427722840807,1.27016753695452,0.35569706264027,0,0,0,0,0,0,0,0,0,1
23,KNIP11,97.15,174860.0,1.5,1.48235991698784,4.79348812031652,8.48095626723144,16.0068765293155,1.59782937343884,1.41349271120524,1.33390637744296,8.48095626723144,-1.75728155339806,-0.30097087378641,5.84564650160857,6938900334.81,97.54584,0.9959420104435003,1.74277037339573,-0.119647532546485,0,0,0,0,0,0,0,0,0,1
24,QAMI11,90.3,690.0,1.35,1.46739130434783,4.37400870668502,8.00884984360006,16.2876673032813,1.45800290222834,1.33480830726668,1.35730560860678,8.00884984360006,-1.04334731633861,0.408734000215127,0.623916234392841,73056364.17,91.161151,0.9905535308565816,1.354743754826,0.0576191142323434,0,0,0,1,0,0,0,0,0,0
25,MATV11,99.87,65.0,1.4,1.45833333333333,3.92030740098781,7.57907895947805,0.0,1.3067691336626,1.26317982657968,0.0,6.36940154012321,-0.91856744762101,0.526370110434526,4.36983515910394,33257502.1,95.765671,1.0428580404349697,1.35748017679529,-1.92055545892599,0,0,0,0,0,0,0,0,0,1
26,GCRA11,101.81,3337.0,1.5,1.45631067961165,4.45825590096657,0.0,0.0,1.48608530032219,0.0,0.0,6.92940974712042,-0.894833060713951,0.548446069469821,6.09345696830965,71254839.01,98.609104,1.0324604511161566,1.60228613374278,0.0198388175947084,0,0,0,1,0,0,0,0,0,0
27,HREC11,96.58,2.0,1.4,1.45152928978745,3.81690005411844,6.64842993720625,11.6844496156512,1.27230001803948,1.10807165620104,0.973704134637598,6.64842993720625,-1.43076136944301,0.0,7.368354327091,432274986.83,92.828849,1.0404093236144725,1.40042671432886,0.159959045581481,0,0,0,0,0,0,0,0,0,1
28,RRCI11,85.56,1692.0,1.3,1.44556877571444,4.38818922053882,8.53810424590693,14.938537654801,1.46272974017961,1.42301737431782,1.24487813790008,8.53810424590693,-1.50054764512595,-0.0766703176341643,14.2067097679548,47284328.37,98.149748,0.8717291867117173,1.42639184361431,0.0512092251794272,0,0,0,0,0,0,0,0,0,1
29,DEVA11,98.7,52696.0,1.41,1.40760706798443,4.44363489909423,8.11356807288591,16.0838201313481,1.48121163303141,1.35226134548099,1.34031834427901,8.11356807288592,0.270270270270268,1.68168168168168,4.78326241625047,1363604754.65,98.060039,1.0065262160460695,1.6316534403989,0.828580068667462,0,0,0,0,0,0,0,0,0,1
30,IRIM11,103.42,4606.0,1.454777447,1.39680983869419,3.78703836115527,8.04129865020737,0.0,1.26234612038509,1.34021644170123,0.0,6.71599330684454,-5.23202911737943,-3.90830077616015,0.300844118771626,130503385.72,100.38722,1.0302108176718112,1.13929480664969,-0.402325623964861,0,0,0,1,0,0,0,0,0,0
31,IBCR11,92.46,1631.0,1.32,1.38947368421053,4.14046905688634,8.77742467358775,0.0,1.38015635229545,1.46290411226462,0.0,7.23007579799461,-3.06122448979592,-1.71428571428572,5.29170105800389,78895736.6,98.260896,0.9409643486255203,1.24159258633261,0.475751309629047,0,0,0,0,0,0,0,0,0,1
32,PLCR11,82.45,5077.0,1.17,1.37469157560804,3.93306435085032,7.48968964795958,13.7110285892115,1.31102145028344,1.24828160799326,1.14258571576762,7.48968964795959,-3.61268403171008,-2.2876557191393,3.60068288306914,195230258.4,92.562644,0.8907481078435918,1.18838437674706,-0.0855940624732154,0,0,0,1,0,0,0,0,0,0
33,XPCA11,10.08,46979.0,0.14,1.3738959764475,4.11299554649593,7.70209114856927,0.0,1.37099851549864,1.28368185809488,0.0,7.70209114856928,1.29224652087474,2.68389662027833,13.8757523309369,134119495.76,9.517106,1.0591455007436084,1.47103541769946,-0.26259245414274,0,0,0,0,0,0,0,0,0,1
34,OURE11,79.05,4458.0,1.1000001392,1.3720844944493,3.65507561449654,6.82991000256764,13.454108633214,1.21835853816551,1.13831833376127,1.1211757194345,5.49657632774005,0.47625015666124,1.85486920566489,-1.82732456938454,99331744.57,92.222582,0.857165330721276,1.19276658205037,-0.423553003457167,0,0,0,0,0,0,0,0,0,1
35,VOTS11,89.9,93.0,1.23,1.36818687430478,4.37308821756399,8.02674369432406,12.7606359407677,1.45769607252133,1.33779061572068,1.06338632839731,8.02674369432406,0.301238424634631,1.67354680352563,15.8232339839216,78793261.04,95.170943,0.9446160473580683,1.29241127725297,-0.48987834101113,0,0,0,0,0,0,0,0,0,1
36,AFHI11,99.21,7908.0,1.4,1.36665365091761,4.03246501160937,7.86133583265328,14.395177408531,1.34415500386979,1.31022263877555,1.19959811737758,6.57649693168471,2.95477386934673,4.36180904522614,6.95011141789061,173824946.4,97.235423,1.0203071775601777,1.38838291473263,0.439834383816029,0,0,0,0,0,0,0,0,0,1
37,BLMC11,88.85,24.0,1.25,1.35854798391479,3.78070168893976,7.1410973923767,12.9938293624917,1.26023389631325,1.19018289872945,1.08281911354097,6.01761459570703,-4.15624999999999,-2.85416666666666,-0.548263308735331,39216529.56,98.164029,0.9051176984595853,1.17150855737594,1.29313499611461,0,0,0,0,0,0,1,0,0,0
38,TGAR11,115.54,27045.0,1.57,1.35813148788927,3.85106162619067,6.9989372905266,12.5735026468577,1.28368720873022,1.1664895484211,1.04779188723814,6.9989372905266,-2.36486486486488,-1.03885135135136,0.911767714221901,1420685727.96,125.617999,0.9197726513698089,1.21797832490549,-1.86193422927684,0,0,0,0,0,0,1,0,0,0
39,FEXC11,86.38,15494.0,1.197520015,1.35634841431646,3.83775897467439,7.20700438815917,12.7432950555618,1.27925299155813,1.20116739802653,1.06194125463015,7.20700438815917,-1.89999999999999,-0.569422205555536,6.73754900708856,570742091.11,93.510486,0.9237466694376928,1.22980860135835,-0.16816521646138,0,0,0,0,0,0,0,0,0,1
40,VGIA11,10.05,462038.0,0.15,1.34649910233393,4.1358999841529,0.0,0.0,1.37863332805097,0.0,0.0,6.69946885117638,3.53159851301117,4.92565055762084,12.3262211047664,95747517.22,9.51418,1.056318043173453,1.57659409428874,0.0724180747520675,0,0,0,0,0,0,0,0,0,1
41,SNCI11,102.58,19608.0,1.4,1.34357005758157,3.94948340072965,7.78994499430751,0.0,1.31649446690988,1.29832416571792,0.0,6.64051970695118,0.773694390715662,2.12765957446808,6.66560066681157,252128060.08,100.851184,1.0171422479283931,1.28902799990925,1.92336273738138,0,0,0,0,0,0,0,0,0,1
42,BCRI11,107.3,12410.0,1.47,1.34087384839916,3.84975288555388,7.28518091858716,13.6136295084252,1.28325096185129,1.21419681976453,1.1344691257021,7.28518091858715,0.577981651376147,1.92660550458716,6.18272080941356,670869079.01,107.20401,1.0008953956106679,1.35256134541982,0.808742679802954,0,0,0,0,0,0,0,0,0,1
43,MGCR11,86.08,2115.0,1.15,1.32183908045977,3.80126216472731,7.22881739496182,12.788879304946,1.26708738824244,1.2048028991603,1.06573994207883,6.09335696575777,-0.877292924689521,0.432949755041601,4.88127552322557,135199801.61,95.056895,0.9055629262874618,1.05200154076146,-0.0156008526067897,0,0,0,0,0,0,0,0,0,1
44,HSAF11,94.4,2888.0,1.25,1.32149275821968,3.83969291436255,7.39997955481406,13.6355576362717,1.27989763812085,1.23332992580234,1.13629646968931,7.39997955481406,-0.661625708884683,0.651123713505575,7.45006151496996,168525677.28,95.017702,0.9934990850441743,1.31554433930637,0.0719435886435082,0,0,0,0,0,0,0,0,0,1
45,CACR11,101.33,961.0,1.38,1.32057416267943,3.00028046552947,7.09605850148402,14.4027332770004,1.00009348850982,1.182676416914,1.20022777308337,7.09605850148402,-2.40029886989819,-1.11142243392172,4.3581416141399,187101645.31,103.51783,0.978865186799221,1.11684387431489,19.2246943695898,0,0,0,1,0,0,0,0,0,0
46,HCTR11,111.58,100396.0,1.5,1.31567406367862,4.50688475331917,8.10646376423528,15.6969780556049,1.50229491777306,1.35107729403921,1.30808150463374,8.10646376423529,-0.817746846454981,0.487168334058286,-1.01826837635509,2671651053.42,120.975661,0.9223342867289644,1.46310421895525,1.01283148612581,0,0,0,0,0,0,1,0,0,0
47,KISU11,7.52,106646.0,0.1,1.31061598951507,3.16519017949131,5.66417452094562,10.1508609850338,1.05506339316377,0.944029086824271,0.845905082086151,5.66417452094562,2.00534759358288,3.34224598930482,-0.830070092769153,397684224.87,8.998185,0.8357240932476938,0.833501422786929,-0.500671037190059,0,0,0,0,0,0,0,0,0,1
48,VGIR11,100.82,33593.0,1.3,1.31061598951507,3.69096506645994,6.87799246520662,11.1692207929344,1.23032168881998,1.14633207753444,0.930768399411202,5.95964548976242,-0.968450479233229,0.329472843450485,3.37279617334634,729972953.61,96.41996,1.0456341197403525,1.34826855352357,-0.192768193953952,0,0,0,0,0,0,0,0,0,1
49,APTO11,9.8,2619.0,0.13,1.30522088353414,3.64718584926148,6.58759039211198,0.0,1.21572861642049,1.09793173201866,0.0,6.58759039211199,-1.38613861386138,-0.0990099009900991,5.29050793264523,38808751.87,9.671103,1.0133280557553777,1.24080986419026,-0.510312570821725,0,0,0,1,0,0,0,0,0,0
50,CVBI11,100.18,27706.0,1.3,1.29766420443202,4.25872941906207,7.54251278712008,13.8525914632277,1.41957647302069,1.25708546452001,1.15438262193564,7.54251278712008,-1.22263853283375,0.0591599290080902,5.97371789644556,1052112121.61,100.048652,1.0013128412764623,1.49927057487991,0.216880063549874,0,0,0,0,0,0,0,0,0,1
51,VGHF11,9.72,524011.0,0.13,1.29740518962076,4.00530855554374,8.47566812794414,16.9693927712297,1.33510285184791,1.41261135465736,1.41411606426914,8.47566812794413,2.1406727828746,3.46585117227318,5.92600137161508,608979159.27,9.358295,1.038650737126795,1.49599900409209,-0.482863025646696,0,0,0,0,0,0,0,0,0,1
52,ITIP11,82.94,2333.0,1.08,1.29186602870813,3.69334356443117,7.22017534194852,13.5387216721208,1.23111452147706,1.20336255699142,1.12822680601007,7.22017534194852,-3.9080459770115,-2.66666666666666,10.4667495612404,64992054.0,86.870236,0.9547573923938688,1.24323364333901,-0.764462263764476,0,0,0,0,0,0,0,0,0,1
53,RZAG11,10.15,150288.0,0.13,1.2909632571996,3.72422001461687,7.04214451127992,0.0,1.24140667153896,1.17369075187999,0.0,7.04214451127993,0.901803607214435,2.20440881763526,9.87041241866655,289691582.98,9.546886,1.0631738977505334,1.31980207996618,0.0868576010255584,0,0,0,0,0,0,0,0,0,1
54,BTCR11,94.49,12390.0,1.25,1.28998968008256,3.90850846854065,7.52889486556985,12.7661513777996,1.30283615618022,1.25481581092831,1.06384594814997,7.52889486556985,0.248292985723153,1.54148561969791,13.1766525048898,464617244.4,96.592074,0.9782376139889076,1.29410203988373,0.767578119172585,0,0,0,0,0,0,0,0,0,1
55,VCJR11,97.01,16989.0,1.3,1.28344357784579,4.57479511842123,8.10948204910681,15.7400007465299,1.52493170614041,1.3515803415178,1.31166672887749,8.10948204910682,3.2412598104169,4.56630312914079,12.0254913277749,1390944337.65,94.468023,1.0269083327805009,1.85247869535705,-0.251380861481187,0,0,0,0,0,0,0,0,0,1
56,IRDM11,105.46,124539.0,1.352460831,1.27952774929044,3.52894313249474,6.96953558034393,12.9546516581154,1.17631437749825,1.16158926339066,1.07955430484295,5.64993544792425,-0.283018867924523,0.992887576415113,1.64381718645197,3202717504.66,96.921114,1.0881014017234676,1.2194668088524,-0.186710085291997,0,0,0,0,0,0,0,0,0,1
57,HABT11,99.03,12950.0,1.3,1.27576054955839,3.82810239842251,7.2414363830576,14.7884488825343,1.2760341328075,1.20690606384293,1.23237074021119,7.24143638305761,-1.57442287259731,-0.318748188930751,-1.71870093766912,738157916.85,99.446441,0.9958124092143228,1.40779296465723,0.758894111854902,0,0,0,0,0,0,0,0,0,1
58,RELG11,76.99,2685.0,0.9757,1.26747207066771,3.74107831160919,6.43905131435397,12.170232314216,1.24702610386973,1.073175219059,1.01418602618467,6.43905131435398,0.260484501172176,1.53125814014066,2.14180415238898,160923032.64,120.581159,0.638491126130244,0.804437449469199,-0.388726408750961,0,0,0,1,0,0,0,0,0,0
59,BPFF11,63.65,5162.0,0.8,1.25274036955841,3.40721759335179,6.13778161668439,11.1170381307947,1.13573919778393,1.02296360278073,0.926419844232895,6.13778161668439,-1.84445127574547,-0.614817091915165,-1.17799063305531,349434722.44,77.78481,0.8182831583698669,0.964198536963708,-0.590412726073675,0,0,0,0,0,0,0,0,0,1
60,BBFO11,71.5,2228.0,0.88,1.25,3.41781727379553,6.5139049190578,11.4479381844479,1.13927242459851,1.08565081984297,0.953994848703991,6.5139049190578,-4.86486486486486,-3.67567567567567,3.51693628268301,341845140.55,85.378042,0.8374518591091608,0.972146913371473,-0.383055653580844,0,0,0,0,0,0,0,0,0,1
61,MCHY11,108.0,15.0,1.4,1.23893805309735,3.74063008226482,7.1769527685875,0.0,1.24687669408827,1.19615879476458,0.0,6.09361943525418,1.80180180180181,3.06306306306305,8.15813644583097,375749035.93,104.672146,1.0317931190595826,1.24197319886802,2.3476657314959,0,0,0,0,0,0,0,0,0,1
62,VRTA11,96.0,18062.0,1.21,1.23721881390593,3.65870097149316,7.13357628526054,13.5091517567117,1.21956699049772,1.18892938087676,1.12576264639264,7.13357628526054,-2.14128477086252,-0.930558335001008,-0.0121428857050909,1266271603.58,96.2755,0.9971384204704209,1.29835731832086,-0.373368974870836,0,0,0,0,0,0,0,0,0,1
63,RZTR11,100.25,27366.0,1.25,1.23517786561265,3.64101999069393,7.29780317043322,13.6084591942582,1.21367333023131,1.21630052840554,1.13403826618818,7.29780317043323,-2.26943505552872,-1.06228874939642,4.62847739772683,1077574252.11,98.203971,1.0208344833632033,1.27286095182444,0.0,0,0,0,1,0,0,0,0,0,0
64,RECX11,78.5,1993.0,1.0,1.23198225945546,2.97008326377736,6.31019794850417,12.0145496449463,0.990027754592452,1.05169965808403,1.00121247041219,5.17718185967569,1.71679197994987,2.96992481203007,-9.98546980017099,18909897.31,86.618283,0.906275179802398,0.923592539926011,-1.55349997088143,0,0,0,0,0,0,1,0,0,0
65,KNHY11,99.88,28120.0,1.28,1.23076923076923,4.40285944602223,7.84557097837214,15.2493726545798,1.46761981534074,1.30759516306202,1.27078105454832,7.84557097837214,-0.753888729840635,0.467601870407486,5.20198980344213,1809753635.54,97.872965,1.0205065310936479,1.78803206789536,-0.227037523232809,0,0,0,0,0,0,0,0,0,1
66,RBRY11,101.7,6327.0,1.25,1.2196311835301,3.64328501928646,7.09205785764466,12.5778803358307,1.21442833976215,1.18200964294078,1.04815669465256,5.8151377128,-2.0546636085627,-0.860091743119273,1.56198846480196,401515245.72,102.43397,0.992834701222651,1.22029830533758,-0.882052646455977,0,0,0,0,0,0,0,0,0,1
67,ARRI11,94.79,1148.0,1.18,1.21649484536082,3.98011775842571,7.92579950448012,15.5305634173319,1.32670591947524,1.32096658408002,1.29421361811099,7.92579950448012,0.831600831600832,2.05821205821204,4.34107898682945,106085819.56,93.546146,1.013296688887643,1.37082219293139,-0.603674532315979,0,0,0,0,0,0,0,0,0,1
68,RBVA11,89.98,6998.0,1.1,1.21426205983,3.13427678218777,5.97676520711598,11.0885945361386,1.04475892739592,0.996127534519329,0.924049544678216,5.97676520711597,-2.30777526151191,-1.1215356411086,-2.58313398545094,1193288764.7,102.97448,0.8738087339698147,0.893425244779095,-0.00445721640328633,0,0,0,0,0,0,1,0,0,0
69,BNFS11,117.0,666.0,1.4135559,1.2032311031665,3.59073500494004,6.6398998914794,12.4239182824704,1.19691166831335,1.10664998191323,1.0353265235392,6.63989989147939,-2.01017599466177,-0.831131954291431,-1.11159541117211,69417286.55,99.167552,1.179821399644916,1.4291310125312,0.0134941371907171,0,0,0,0,0,0,1,0,0,0
70,MGHT11,66.56,2453.0,0.8,1.20318844939089,3.18153488953935,5.91919956573983,10.3712980239481,1.06051162984645,0.986533260956638,0.864274835329009,5.02634242288269,-15.9737141412865,-14.9627195753823,-20.6316578754777,129777732.57,98.781636,0.6738094517891969,0.809867129554323,0.182070138437518,0,0,1,0,0,0,0,0,0,0
71,RBRD11,36.75,3430.0,0.456,1.1921568627451,2.50367143512924,6.22007538322697,8.07833284248507,0.834557145043078,1.03667923053783,0.673194403540423,6.22007538322697,-16.8478260869565,-15.8565217391304,-5.38470614956205,130471665.38,70.457205,0.5215932139232602,0.425790378712865,-0.524166385988545,0,0,0,1,0,0,0,0,0,0
72,RBRR11,100.1,35598.0,1.2,1.19165839126117,3.52235208243152,6.73889098890777,12.072846340226,1.17411736081051,1.1231484981513,1.00607052835217,5.65993565967515,-2.56410256410255,-1.40299951620706,3.57801526657431,1046711585.04,96.555166,1.0367130434015306,1.24281283924259,-2.20541971760402,0,0,0,0,0,0,0,0,0,1
73,CPTS11,91.21,86487.0,1.12,1.18858113127454,3.49129745573378,6.88709197986051,12.947480985538,1.16376581857793,1.14784866331009,1.07895674879483,5.76395536560689,0.351437699680512,1.54419595314164,2.60981253339356,2612266966.14,93.386537,0.9766932464794148,1.17789997930858,-0.583433685972712,0,0,0,0,0,0,0,0,0,1
74,AFOF11,89.29,345.0,1.07947904965625,1.18767636665887,3.53350606616496,6.64562330642512,0.0,1.17783535538832,1.10760388440419,0.0,5.66887912037859,2.13507135633217,3.3481054609015,6.84493531834736,69242339.5,100.178155,0.8913120829586051,1.07755932384286,-2.0913297910618,0,0,0,0,0,0,0,0,0,1
75,RNDP11,304.99,9.0,3.58,1.1868452459886,3.30523121090088,5.68813202637233,9.37275697548899,1.10174373696696,0.948022004395389,0.781063081290749,5.68813202637233,-19.5626666666667,-18.608,-46.7888017507158,50536041.45,470.185814,0.6486584471899869,0.795430208364389,-0.895993642246129,0,0,0,0,0,0,0,0,0,1
76,JGPX11,98.64,3925.0,1.15,1.16514690982776,3.68536006091988,0.0,0.0,1.22845335363996,0.0,0.0,7.09953737203923,-0.0506329113924009,1.11392405063291,9.31743683178137,85843239.06,96.137229,1.026033317436266,1.30022470275277,0.161729285943801,0,0,0,1,0,0,0,0,0,0
77,MGLG11,42.46,1522.0,0.5,1.16252034410602,3.60462627925782,7.08323602094861,0.0,1.20154209308594,1.18053933682477,0.0,7.0832360209486,-8.89642024994705,-7.83732260114383,-14.9662463360821,57395561.83,48.190461,0.8810872342557586,1.24505968100201,0.0626969128451282,0,0,0,0,0,1,0,0,0,0
78,KNCA11,105.34,44317.0,1.25,1.16160208159093,3.52538178982344,0.0,0.0,1.17512726327448,0.0,0.0,5.71132283290733,-0.820276497695849,0.331797235023035,3.30845429161133,514806511.39,100.944056,1.0435483194770774,1.42653273215017,0.554984631265332,0,0,0,0,0,0,0,0,0,1
79,SADI11,90.62,4090.0,1.06,1.16138928454037,3.2979228169648,6.17750455465419,9.89398731037359,1.09930760565493,1.02958409244236,0.824498942531132,6.17750455465418,-0.793478260869573,0.358695652173902,7.95890613348553,320555798.8,100.797149,0.8990333645250225,1.05161704524004,-0.171190452609682,0,0,0,0,0,0,0,0,0,1
80,KNSC11,92.8,42648.0,1.09,1.15858843537415,3.79596748620215,7.25777648248077,14.8309933701713,1.26532249540072,1.20962941374679,1.23591611418094,7.25777648248077,-0.0955718381650206,1.06190931294468,1.65633018975455,1187259742.46,89.430413,1.037678311963068,1.50955357882558,-0.597642935688958,0,0,0,0,0,0,0,0,0,1
81,MFII11,93.37,3435.0,1.1,1.15606936416185,3.3446700676711,6.64074093238932,13.1143347197804,1.11489002255703,1.10679015539822,1.09286122664836,6.64074093238932,-3.10590631364562,-1.98574338085539,-7.80401478503489,424973878.67,102.479896,0.9111055303959326,1.07338126104265,-2.15062227416928,0,0,0,1,0,0,0,0,0,0
82,MCHF11,9.4,116329.0,0.11,1.1482254697286,3.34508866057941,6.69999104766376,0.0,1.11502955352647,1.11666517461063,0.0,5.50833265640259,-3.52467270896274,-2.41691842900303,-0.202638666518451,315930781.84,9.778824,0.9612607814600201,1.12487963787875,-4.37909389567013,0,0,0,0,0,0,0,0,0,1
83,RECR11,98.67,65799.0,1.15,1.14656031904287,4.3354246050092,7.89231622773016,14.7545792835327,1.44514153500307,1.31538603795503,1.22954827362772,7.89231622773017,-1.66666666666667,-0.539215686274508,5.52462665786246,2310672803.11,95.250361,1.0359015857168248,1.80629236670295,-0.0492784046964068,0,0,0,0,0,0,0,0,0,1
84,OUFF11,63.5,2652.0,0.7500001322,1.14521321148267,3.28399262030966,6.2961865911938,11.6755984365977,1.09466420676989,1.04936443186563,0.97296653638314,5.36017075967661,0.629993853718491,1.78242183804547,5.49238961308973,143370322.13,79.020822,0.8035856675851841,0.949117097516399,-0.76611853473092,0,0,0,0,0,0,0,0,0,1
85,NAVT11,72.43,2065.0,0.85,1.14339521119182,3.44156562090822,6.31340223706859,10.7837333586559,1.14718854030274,1.0522337061781,0.898644446554655,5.5132955561778,1.83561643835617,3.0,7.93006279220825,95026051.4,90.114197,0.8037579250692319,0.94324759948757,-0.934315958465759,0,0,0,0,0,0,0,0,0,1
86,JSAF11,79.02,1367.0,0.93,1.13817158242565,3.32775627264086,0.0,0.0,1.10925209088029,0.0,0.0,6.62123325667231,-3.301775147929,-2.20118343195266,5.68137011916778,153333807.55,97.475668,0.8106638468997206,0.954084254134068,-0.290701120808712,0,0,0,0,0,0,0,0,0,1
87,HGCR11,104.3,16886.0,1.2,1.13765642775882,3.26205497010326,6.23461283515655,11.505710950486,1.08735165670109,1.03910213919276,0.95880924587383,6.23461283515656,-0.509337860780978,0.622524052065665,6.42900447098851,1504251061.11,102.560633,1.0169594019568893,1.12128793120846,0.0401152923999115,0,0,0,0,0,0,0,0,0,1
88,EQIR11,96.99,1.0,1.1,1.1340206185567,3.34374482554101,0.0,0.0,1.11458160851367,0.0,0.0,5.49081886683679,-2.64953833801687,-1.54556403050985,4.53505248738932,51240359.56,101.970865,0.951154037969571,1.07873950073877,0.326965532425683,0,0,0,0,0,0,0,0,0,1
89,CYCR11,101.93,1002.0,1.15,1.12745098039216,3.79669662836121,7.2398784290375,0.0,1.26556554278707,1.20664640483958,0.0,7.2398784290375,-1.35396518375243,-0.24177949709866,8.71928792366054,72344443.12,97.756684,1.0426908506839287,1.38097973945188,1.7010705233043,0,0,0,0,0,0,0,0,0,1
90,FAED11,137.94,381.0,1.536692516,1.12660741642229,3.19680475440444,6.09907339435095,10.7885106123396,1.06560158480148,1.01651223239183,0.899042551028301,6.09907339435096,-7.20457173957412,-6.15913156269134,0.188717771282598,138823482.78,216.179384,0.6380811964937415,0.707691869452269,-0.00752836574055005,0,0,0,0,0,0,1,0,0,0
91,MCCI11,98.4,30056.0,1.1,1.11663790478124,3.10997120963886,6.06225814328716,11.9517092542172,1.03665706987962,1.01037635721453,0.995975771184769,5.09279619466865,-1.58841158841158,-0.48951048951047,2.10867936885308,1210958902.24,97.522066,1.00900241387421,1.02540895718924,0.727941236696195,0,0,0,0,0,0,0,0,0,1
92,XPCI11,94.0,21006.0,1.05,1.11075848936845,3.6178210152462,7.07820343553107,12.9291685594877,1.2059403384154,1.17970057258851,1.07743071329064,7.07820343553107,-0.284810126582269,0.822784810126587,3.75589307927808,842397396.03,96.810017,0.9709739024216885,1.26020017122815,-0.543705614515899,0,0,0,0,0,0,1,0,0,0
93,BBPO11,80.0,13108.0,0.89,1.10903426791277,3.21131901285992,6.13942439263895,11.5396668076206,1.07043967095331,1.02323739877316,0.961638900635047,6.13942439263894,-4.17910447761194,-3.11641791044776,-9.09571233976424,1512931778.94,95.035254,0.8417928782512646,0.936494577054532,-0.896125631279099,0,0,0,0,1,0,0,0,0,0
94,BLMR11,7.18,54894.0,0.0778227377031145,1.09609489722696,3.11358067849732,6.08255932607557,11.404819368943,1.03786022616577,1.01375988767926,0.950401614078582,6.08255932607557,-4.4414535666218,-3.39404121530127,-5.59510543348726,211636911.87,8.28596,0.8665260271591946,0.90514557154512,-1.12859048973206,0,0,0,0,0,0,0,0,0,1
95,DVFF11,70.0,4069.0,0.77,1.0931289040318,3.30517239904708,5.90225945519063,0.0,1.10172413301569,0.983709909198438,0.0,5.90225945519063,0.485021398002861,1.58345221112697,-15.1223937722842,101357430.47,92.063609,0.7603438618184086,0.868964413506753,-0.0737065913471002,0,0,0,1,0,0,0,0,0,0
96,PQDP11,1990.0,41.0,21.521254182,1.07713984894895,2.14851451296683,4.13513101128532,8.23395852560993,0.716171504322277,0.689188501880887,0.686163210467494,3.72418661110351,0.654911838790939,1.73910600413099,2.19246911134439,800467303.08,3356.580731,0.5928652278853829,0.447278779096346,-0.0638103349883345,0,0,0,0,0,0,0,0,1,0
97,HCHG11,80.5,113.0,0.875,1.06733349597463,3.18241051343776,5.95350786676203,0.0,1.06080350447925,0.992251311127005,0.0,5.95350786676204,-1.20510966497951,-0.15063870812243,-1.6916350531369,124082191.95,103.401827,0.7785162248632223,0.846213287894807,0.403951752034493,0,0,0,0,0,0,1,0,0,0
98,TRXF11,98.1,10569.0,1.05,1.06729009961374,2.72825449866335,5.11351610423131,9.66538690931858,0.909418166221115,0.852252684038552,0.805448909109881,5.11351610423131,-0.425101214574897,0.637651821862351,2.08953534445246,708147194.5,97.745474,1.0036270323882208,0.869605481681945,-1.00380911431212,0,0,0,0,0,0,1,0,0,0
99,XPCM11,14.6,2120.0,0.16,1.06666666666667,3.19071669734114,5.94559503982934,10.3717190600492,1.06357223244705,0.990932506638223,0.864309921670764,5.94559503982933,-8.75912408759125,-7.78588807785889,-16.8103902900027,129112080.33,53.47208,0.2730396872536097,0.336624271956505,-0.57156944303669,0,0,0,0,1,0,0,0,0,0
100,HGIC11,109.77,33.0,1.19,1.06259487454237,2.84212476327177,5.73250849618428,10.9723977485586,0.947374921090592,0.95541808269738,0.914366479046551,5.73250849618429,0.0,1.06259487454237,11.3076935463545,31666498.37,113.927954,0.9635036542480171,0.868970226569679,1.53870757932195,0,0,0,0,0,0,0,0,0,1
101,PLOG11,70.47,198.0,0.75,1.06232294617564,3.10587719661815,6.32880982287637,11.7487765811721,1.03529239887272,1.05480163714606,0.979064715097678,6.32880982287637,-3.15500685871057,-2.12620027434844,0.317032037654141,75135829.0,100.181105,0.7034260602336139,0.748644167979581,-0.0261567728248591,0,0,0,0,0,1,0,0,0,0
102,SEQR11,62.48,4244.0,0.6652,1.05503568596352,3.01769281493132,5.69482496502507,10.7307762465425,1.00589760497711,0.949137494170845,0.894231353878545,5.69482496502507,0.0634819869861802,1.11918743056656,-7.59341809621743,154636386.6,96.13389,0.6499268884261316,0.653151557686889,-0.0511223072844458,0,0,0,0,0,0,1,0,0,0
103,MORE11,65.07,2764.0,0.7,1.0461814377522,3.05546486975699,5.83382484028425,10.8016372121236,1.018488289919,0.972304140047375,0.900136434343636,4.91531020965834,-1.31268436578171,-0.280235988200583,-7.97106414634233,202952841.1,87.513056,0.7435461972668397,0.799880648665726,-2.20867040328022,0,0,0,0,0,0,0,0,0,1
104,AIEC11,74.37,3342.0,0.8,1.04588835141849,2.84028157135743,6.068107914797,10.8206377620005,0.94676052378581,1.01135131913283,0.901719813500044,6.068107914797,-4.74470734744707,-3.74844333748444,3.63369565518674,489073625.01,101.362682,0.7337019752496289,0.71032058918883,0.116937953902774,0,0,0,0,1,0,0,0,0,0
105,GCFF11,70.73,707.0,0.77,1.04054054054054,3.08961732735961,6.06970579457973,11.2518147469207,1.0298724424532,1.01161763242996,0.937651228910057,5.02760053142184,1.23119015047881,2.28454172366623,-3.35904163374232,30096700.62,88.886233,0.7957362756052447,0.877526219386527,-2.44091240238519,0,0,0,0,0,0,0,0,0,1
106,GTWR11,69.73,15978.0,0.74,1.03932584269663,3.03575389449351,5.73271658418848,10.4612607284446,1.01191796483117,0.955452764031414,0.87177172737038,5.73271658418849,-1.79310344827586,-0.772413793103432,-10.6338346363762,1175157160.49,97.929763,0.7120409348892227,0.75564361367851,0.0377525188112404,0,0,0,0,1,0,0,0,0,0
107,SARE11,69.95,9533.0,0.7,1.03842159916926,2.68293755378647,5.32170873235329,10.1609484382585,0.894312517928822,0.886951455392216,0.846745703188212,5.32170873235329,-8.88077858880779,-7.9345769126791,-1.59525976593269,911210974.25,98.676468,0.7088822838693416,0.628315962829152,-0.190971001425055,0,0,0,1,0,0,0,0,0,0
108,MXRF11,9.72,764918.0,0.1,1.03305785123967,3.24857539861326,6.30781711997756,11.1822083162534,1.08285846620442,1.05130285332959,0.931850693021121,6.30781711997758,-2.32088799192735,-1.31180625630677,13.2622237001546,2302693543.19,10.187122,0.954145832355792,0.981631514769333,-0.0217972836913938,0,0,0,1,0,0,0,0,0,0
109,RBRS11,59.54,6.0,0.6,1.03270223752151,2.51163189995355,4.50049899100297,8.15128372698488,0.837210633317851,0.750083165167161,0.679273643915407,4.50049899100296,-5.83468395461912,-4.86223662884926,-10.1523217319117,138609258.54,92.121578,0.646319801425894,0.521050562116945,0.052184379158704,0,0,0,1,0,0,0,0,0,0
110,BLMG11,77.4,3910.0,0.8,1.03212488711134,2.93588107133211,5.62533260345655,11.2407900251971,0.97862702377737,0.937555433909425,0.936732502099758,5.62533260345655,-6.73805799542774,-5.77547828179521,-12.9144742208468,360918215.84,94.714573,0.8171920914429927,0.844642988571569,-2.04004909200031,0,0,0,0,0,1,0,0,0,0
111,KNCR11,101.29,46171.0,1.05,1.02981561396626,3.03464104602133,5.66401845635629,9.27660524794805,1.01154701534044,0.944003076059382,0.773050437329004,5.66401845635628,-0.526829268292694,0.497560975609757,7.98077462206666,4036597525.47,101.126852,1.0016133004911496,1.06796560818486,0.0170369535339665,0,0,0,0,0,0,0,0,0,1
112,CXRI11,63.1,432.0,0.64,1.01137800252844,2.70088603093465,5.006640760072,8.94766524034842,0.900295343644884,0.834440126678667,0.745638770029035,5.00664076007201,-0.923751369970249,0.0782840144042618,-3.64351380415527,132926744.2,84.357227,0.7480094147713036,0.651989188786398,-1.17819704283724,0,0,0,1,0,0,0,0,0,0
113,HGRU11,118.2,41044.0,1.2,1.01103715561547,2.41356143313975,4.48213834461516,8.28910816782432,0.804520477713249,0.74702305743586,0.69075901398536,4.48213834461516,0.244932432432421,1.25844594594595,8.10946531182151,2191214311.59,119.045952,0.9928939036919122,0.688809645539228,0.169677468755336,0,0,0,1,0,0,0,0,0,0
114,SRVD11,8.38,3.0,0.098,1.01030927835052,0.0,0.0,0.0,0.0,0.0,0.0,1.01030927835052,0.0,1.01030927835051,1.01030927835051,71878054.17,0.746506,11.225629800698187,-9999999999.0,-9999999999.0,0,0,0,0,0,0,0,0,0,1
115,QIRI11,82.01,7.0,0.71,1.0056657223796,2.7994108134938,5.15189844676554,8.84488439298387,0.933136937831265,0.858649741127589,0.737073699415322,5.15189844676553,-1.602787456446,-0.613240418118466,-17.4266280381661,13220968.32,88.139789,0.9304537817761285,0.782847347183915,-0.369319405637714,0,0,0,0,0,0,0,0,0,1
116,VIUR11,7.03,22313.0,0.072,1.00418410041841,2.97516739393727,5.81215425402035,10.7195981504754,0.991722464645757,0.968692375670059,0.893299845872948,5.81215425402035,-5.28401585204756,-4.33289299867901,-90.0053252167105,256297429.41,9.511443,0.739109722888525,0.756982930981135,-90.075539666307,0,0,0,0,0,0,0,0,0,1
117,BBGO11,85.07,1927.0,0.87,1.00138121546961,2.34378037458142,0.0,0.0,0.781260124860475,0.0,0.0,3.37435406059997,1.02325581395348,2.03488372093024,2.88643944959996,396091486.15,98.895198,0.8602035459800585,0.626926294237259,0.44046246212428,0,0,0,0,0,0,0,0,0,1
118,RBED11,116.2,1268.0,1.18,1.0008481764207,2.88574004215626,5.64627086730219,10.3955791909718,0.961913347385421,0.941045144550365,0.866298265914312,5.6462708673022,-2.9549757181661,-1.98370236233434,3.92959255851195,286736367.6,141.834878,0.819262523002276,0.831953336611606,0.0359032117120961,0,0,0,0,0,0,1,0,0,0
119,RVBI11,74.94,2321.0,0.75,1.00080064051241,2.95078669846065,5.76308408310169,11.0744561220412,0.983595566153549,0.960514013850281,0.922871343503437,5.76308408310169,-2.16710182767623,-1.18798955613577,-2.08033838153765,126004830.9,87.503355,0.8564243051023587,0.857109993096836,0.00281711420306863,0,0,0,0,0,0,0,0,0,1
120,BBRC11,97.78,254.0,0.99,0.98703888334995,2.92385895477217,5.74468118181412,10.8262012214875,0.974619651590723,0.957446863635686,0.902183435123959,5.74468118181412,2.19052470708099,3.19918492103921,5.88392453795512,170397413.7,107.168185,0.9123976486118526,0.905119369148596,-0.833175516888873,0,0,0,0,0,0,1,0,0,0
121,XPSF11,7.1,45573.0,0.07,0.985915492957747,2.87405845304502,5.5622253156206,10.6984151234803,0.958019484348339,0.927037552603433,0.891534593623362,5.5622253156206,-0.976290097629018,-1.11022302462516e-14,-90.5572190927735,375228449.53,8.665356,0.81935468086943,0.796274267323812,-90.0940230076269,0,0,0,0,0,0,1,0,0,0
122,RBFF11,54.0,8740.0,0.52,0.981132075471698,2.86870443701984,5.57544591407623,10.429952561213,0.956234812339948,0.929240985679371,0.869162713434413,5.57544591407623,3.90119584395217,4.92060380317585,1.1271769935205,243550499.04,64.960398,0.8312756950780997,0.769699717664907,-0.82534153483601,0,0,0,0,0,0,0,0,0,1
123,CXCO11,74.5,3394.0,0.7387,0.97854020400053,2.86064632427904,5.36893498078858,9.87835218913146,0.953548774759681,0.894822496798096,0.823196015760955,5.36893498078858,-2.15165262475698,-1.19416720674014,-1.97602756957006,378773190.18,96.515019,0.7719005888606829,0.756358966266173,0.654779994599686,0,0,0,0,1,0,0,0,0,0
124,HUSC11,105.9,6.0,1.0,0.975609756097561,2.93359739029909,4.31300923779829,7.92029909181541,0.977865796766364,0.718834872966382,0.660024924317951,4.31300923779829,7.01607851325956,8.06013781582795,-4.66962467106384,113579867.97,142.937339,0.7408840876770485,0.671622968999024,-0.0161695064554657,0,0,0,0,0,0,1,0,0,0
125,BMLC11,96.75,41.0,0.94,0.973992332400787,2.5579931735929,4.54446016433641,8.93413339056955,0.852664391197633,0.757410027389402,0.744511115880796,4.54446016433641,1.57878118092831,2.56815072097674,11.0151175369089,109078796.98,109.253056,0.8855587526997871,0.576642908734745,-0.0097287583726624,0,0,0,0,1,0,0,0,0,0
126,RFOF11,68.97,1193.0,0.69,0.973888496824277,2.86011231044376,5.58560217159094,10.545414414644,0.95337077014792,0.930933695265157,0.878784534553664,5.58560217159094,0.439466969095537,1.41763538417916,1.78099091084416,90726897.87,84.149441,0.8196132877460232,0.796202555879129,-0.621858569947198,0,0,0,0,0,0,0,0,0,1
127,RNGO11,46.7,1926.0,0.45,0.972762645914397,2.54858870795919,4.69993863545036,8.42203456396588,0.84952956931973,0.783323105908393,0.701836213663823,4.69993863545036,-5.41811490492742,-4.49805765692088,-4.96550601960075,234619574.18,87.675476,0.5326460959276685,0.444822221438524,0.0577050508193455,0,0,0,0,1,0,0,0,0,0
128,CRFF11,65.69,22.0,0.63,0.957155879671832,2.72564162473586,4.99531656650233,8.61113369366589,0.908547208245288,0.832552761083721,0.717594474472158,4.99531656650232,0.0455996352028976,1.00319197446417,-0.27824415017641,59827386.69,86.701331,0.7576584954618517,0.680497050270197,-0.613735722843545,0,0,0,0,0,0,0,0,0,1
129,CXAG11,75.45,1093.0,0.75,0.955292319449752,0.0,0.0,0.0,0.0,0.0,0.0,2.90367288625137,0.65384615384616,1.61538461538462,6.33132541151717,214253899.43,102.483377,0.7362169574095905,0.731826001401183,0.0218180529177214,0,0,0,0,0,0,1,0,0,0
130,CXCE11B,36.9,350.0,0.346880154120085,0.95296745637386,2.71543013306102,5.28009182775331,11.8816366879685,0.905143377687006,0.880015304625551,0.990136390664038,5.28009182775331,-6.71450538185547,-5.82552497662717,-15.5520344697996,111239241.75,64.940157,0.5682154417951284,0.534153550198662,0.0812530204230333,0,0,0,0,0,0,1,0,0,0
131,CORM11,89.0,40.0,0.81,0.943835935679329,2.67888139564612,5.42509515748861,11.5645025802827,0.892960465215372,0.904182526248102,0.963708548356895,4.38414455354085,-6.71739130434783,-5.83695652173913,-5.63262349904558,92123992.72,90.555926,0.9828180653798405,0.894474868491765,-2.32783222445556,0,0,0,1,0,0,0,0,0,0
132,RDPD11,52.5,12.0,0.5,0.943574259294206,3.423432653887,6.53573420919635,11.172665817629,1.14114421796233,1.08928903486606,0.931055484802413,6.53573420919636,-5.0358422939068,-4.13978494623655,-0.425352821793312,60895311.27,56.486956,0.9294181120328028,0.885160106697907,-4.37435646221173,0,0,0,0,0,0,0,0,0,1
133,BCFF11,63.88,26787.0,0.6,0.936183491964425,2.5907315110202,4.93275710016235,9.15451953170096,0.863577170340067,0.822126183360391,0.762876627641746,4.93275710016234,0.470293149396461,1.41087944818938,-6.11292772914823,1971239952.12,78.266115,0.8161897393271661,0.689953755849514,-0.228384701120043,0,0,0,0,0,0,0,0,0,1
134,VCRR11,69.75,1204.0,0.67,0.935754189944134,2.71401435000109,5.42704382327708,0.0,0.904671450000362,0.904507303879513,0.0,5.42704382327707,-3.07296602138895,-2.16596723974551,-2.48428839849859,239575654.97,119.787827,0.5822795332951486,0.559322275710035,0.0667065002704081,0,0,0,0,0,0,0,1,0,0
135,SPTW11,42.37,2850.0,0.4,0.931315483119907,2.74811309419711,5.43381169029358,12.2793572858019,0.916037698065704,0.905635281715596,1.02327977381682,5.43381169029358,-1.89584285061671,-0.982183645500223,0.0602544616929768,95065138.49,52.872713,0.8013585381934155,0.756533904360081,0.0567817228443346,0,0,0,0,1,0,0,0,0,0
136,VTLT11,88.78,523.0,0.83,0.922529732132933,2.71103698944466,5.3865598626601,10.0055507539225,0.903678996481553,0.897759977110017,0.833795896160212,5.3865598626601,-3.19561007101355,-2.30256079190875,3.36058374865136,217302350.26,102.743428,0.8640941978303469,0.807837558232922,0.0469379175127127,0,0,0,0,0,1,0,0,0,0
137,KFOF11,74.4,9766.0,0.7,0.922023182297155,2.62437566338255,5.21331662615704,9.44129854615863,0.874791887794182,0.868886104359506,0.786774878846552,5.21331662615703,-4.71887550200804,-3.84036144578314,5.18930063688616,431804707.84,95.251424,0.7810906847964815,0.713900088254849,-0.248244633600725,0,0,0,0,0,0,0,0,0,1
138,JFLL11,67.29,1292.0,0.64,0.921128382268279,2.56372195622925,5.0157454116721,9.8588744219669,0.854573985409749,0.835957568612017,0.821572868497242,5.0157454116721,-3.54019158683881,-2.65167291406359,-7.11110125644311,150528092.96,100.312071,0.670806607113116,0.6180711790907,0.0553819193473748,0,0,0,0,0,0,0,1,0,0
139,RBLG11,86.95,35.0,0.8,0.920598388952819,2.75651891666147,5.45838529344499,10.0586188204936,0.918839638887158,0.909730882240832,0.838218235041133,4.56802073566721,-0.114942528735629,0.804597701149423,4.32810200071816,66897594.99,104.495001,0.8320972215694797,0.765586862858636,1.71842172337513,0,0,0,0,0,1,0,0,0,0
140,MGFF11,59.18,14855.0,0.55,0.913621262458472,2.90178813982889,5.53502481494218,10.1138644726274,0.967262713276296,0.922504135823696,0.842822039385618,5.53502481494218,-4.86725663716814,-3.99810366624527,0.967965730911202,688916761.45,76.118184,0.7774751956772905,0.722560590778151,-2.28219147503981,0,0,0,0,0,0,0,0,0,1
141,BCIA11,81.91,3715.0,0.74,0.892426435118186,2.60622339085063,4.98137161312962,9.42481585957409,0.868741130283542,0.83022860218827,0.785401321631174,4.98137161312962,-1.28571428571428,-0.404761904761908,0.597062087301348,383402960.89,103.091972,0.7945332542479642,0.717805650278957,-1.56398271248724,0,0,0,0,0,0,0,0,0,1
142,EDGA11,18.24,1204.0,0.160790085,0.885895785123967,2.49402288295535,4.13660469666903,7.16010503395237,0.831340960985117,0.689434116111505,0.596675419496031,3.75751286623425,-6.87532067727039,-6.05033306824012,-14.3146374394662,252351519.37,66.198289,0.2755358223835664,0.264717082038178,-0.0649202303463436,0,0,0,0,1,0,0,0,0,0
143,HCRI11,196.51,411.0,2.48634405,0.884819946619217,2.35659176693306,4.77359870697449,9.32863493087735,0.785530588977686,0.795599784495749,0.777386244239779,1.6226353110507,-18.0758017492711,-17.3509201020408,-16.7411224919924,51810193.32,259.050967,0.7585765931535781,-9999999999.0,-9999999999.0,0,1,0,0,0,0,0,0,0,0
144,RECT11,55.91,13993.0,0.5018,0.884073291050035,2.53874843229297,4.78772605811183,9.11076253280305,0.846249477430991,0.797954343018639,0.75923021106692,4.78772605811184,-3.79661016949153,-2.94610169491527,-14.9296171755222,789124446.38,96.477683,0.5795122588091175,0.520120285226999,-0.35017508496028,0,0,0,1,0,0,0,0,0,0
145,RBCO11,39.75,2693.0,0.35,0.884061631725183,2.66118820592494,4.71951803955367,9.29156343298337,0.887062735308312,0.786586339925612,0.774296952748614,4.71951803955367,6.71159029649597,7.65498652291108,-25.3544857552377,321898927.3,85.180958,0.4666535917569746,0.410889955006141,0.113226103613084,0,0,0,0,1,0,0,0,0,0
146,FATN11,95.96,2379.0,0.84,0.87765123811514,2.5383222007691,4.90390048620521,9.18069133382326,0.846107400256368,0.817316747700868,0.765057611151938,4.90390048620521,-1.83589743589744,-0.97435897435898,-1.46051244799704,99158182.73,100.719332,0.9527465889070829,0.794286443440669,0.074480071275107,0,0,0,1,0,0,0,0,0,0
147,HGFF11,69.61,7806.0,0.62,0.870664232551608,2.53515861706774,4.97287458092758,9.22525043994894,0.845052872355914,0.828812430154597,0.768770869995745,4.97287458092758,-2.93075245365323,-2.08560523446022,-1.54559589623177,256100841.42,89.433269,0.7783456959400645,0.693254319038701,-0.166531498825251,0,0,0,0,0,0,0,0,0,1
148,VIFI11,6.9,10027.0,0.06,0.865800865800866,2.5489495104885,5.14153721367383,10.0327486407115,0.849649836829501,0.856922868945639,0.836062386725959,5.14153721367384,-1.98019801980199,-1.13154172560115,-6.50847403939284,72445994.24,8.955902,0.770441659589397,0.669949269208171,-0.756457715870906,0,0,0,0,0,0,0,0,0,1
149,GALG11,93.21,2492.0,0.8,0.865426222414539,2.58893649413781,5.12191477262158,9.98107903210571,0.86297883137927,0.853652462103596,0.831756586008809,5.12191477262158,-2.66399915762873,-1.82162788248921,-2.62572900626116,584193098.84,101.62478,0.9171975575248477,0.806889815653229,-0.581579210322258,0,0,0,1,0,0,0,0,0,0
150,SDIL11,88.73,8487.0,0.76,0.865406513322706,2.5301763416529,5.08720694739014,9.86794368415725,0.843392113884299,0.847867824565024,0.822328640346437,5.08720694739015,-4.14756603361712,-3.3180528268937,6.80156265274012,638749928.55,99.881929,0.8883488824089492,0.760898400350278,-0.690937314283813,0,0,0,0,0,1,0,0,0,0
151,GGRC11,105.8,12832.0,0.94,0.860805860805861,2.53325717386647,4.91353690700655,9.1568301418659,0.844419057955491,0.818922817834425,0.763069178488825,4.91353690700655,0.0274800769442196,0.888522487862975,-1.48058928532659,1012027467.97,130.442319,0.8110864695682082,0.712958805953151,-0.0649305920608634,0,0,0,0,0,1,0,0,0,0
152,CPFF11,69.73,15742.0,0.6,0.860461781155887,2.59154669565781,5.31322932706575,10.3212148202855,0.863848898552602,0.885538221177626,0.860101235023792,5.31322932706576,-0.499429223744285,0.356735159817356,2.82217137355778,421166070.61,77.281326,0.9022878308273333,0.776384194028969,-0.844184120414659,0,0,0,1,0,0,0,0,0,0
153,HFOF11,68.74,8654.0,0.6,0.857020425653478,2.46675105337629,4.8058868421824,9.05671014163492,0.822250351125429,0.800981140363733,0.754725845136243,4.8058868421824,-4.42320819112627,-3.60409556313992,-7.03458357793653,1914881099.42,83.302759,0.8251827529505955,0.720264259194584,-1.60601307434421,0,0,0,0,0,0,0,0,0,1
154,QAGR11,46.05,9291.0,0.4,0.856164383561644,2.5105698919427,4.82601998828342,9.35746335483042,0.836856630647568,0.804336664713904,0.779788612902535,4.06545104320242,-2.42272347535506,-1.58730158730159,-3.04801531089071,300831716.41,59.688833,0.7715010946855,0.653388549245049,-0.0296064867968293,0,0,0,0,0,0,1,0,0,0
155,BTRA11,81.91,4756.0,0.7,0.850753524550316,2.69163713180659,5.47572980550831,0.0,0.897212377268865,0.912621634251384,0.0,4.51333788975013,-19.3412410547986,-18.6550338202137,-12.2093137764427,347612245.52,103.315842,0.7928116193448822,0.909831427401037,-0.00146248423533724,0,0,0,0,0,0,1,0,0,0
156,FLRP11,1400.0,24.0,11.0,0.846153846153846,2.39027406911292,4.57024909518073,7.32348797448545,0.796758023037638,0.761708182530121,0.610290664540454,3.88333146584501,0.00076923668643758,0.846929591766088,12.5966231963451,112155668.94,1719.335126,0.8142682475504779,0.639782194503947,-0.0506020912316774,0,0,0,0,0,0,0,0,1,0
157,FIGS11,48.07,1702.0,0.4,0.844416297234537,2.29180988552447,4.33035250656294,7.60740987569118,0.763936628508156,0.72172541776049,0.633950822974265,4.33035250656294,-6.56804733727812,-5.77909270216964,-10.0098117280452,283406000.4,99.440702,0.48340366704169085,0.372081041825308,-0.0116920337613013,0,0,0,0,0,0,0,0,1,0
158,CEOC11,59.05,95.0,0.49792181,0.838252205387205,2.42567616735026,4.92530730773639,9.41180013129141,0.808558722450087,0.820884551289398,0.784316677607618,4.92530730773639,-2.94117647058825,-2.12757874183008,8.38484905941486,164007871.01,90.327825,0.6537298999505412,0.548661351028877,-0.152254620910275,0,0,0,0,1,0,0,0,0,0
159,BTAL11,92.4,8826.0,0.83,0.837368845843422,2.52260730823641,5.0673029261007,9.81347550020146,0.84086910274547,0.844550487683451,0.817789625016789,4.19691702006043,1.76591375770021,2.61806981519508,9.64397070095062,620294632.17,103.680763,0.8911971452216262,0.800534232179599,0.512968152087723,0,0,0,0,0,0,1,0,0,0
160,FIIP11B,150.0,1455.0,1.29,0.837064434494841,2.46287088610774,4.80852902039103,9.18125049956065,0.820956962035915,0.801421503398505,0.76510420829672,4.80852902039103,-0.574193548387092,0.258064516129042,-1.42044718000378,186038544.78,200.653764,0.7475563727775374,0.637914771436832,0.088135265223066,0,0,0,0,0,1,0,0,0,0
161,HSML11,77.75,31360.0,0.65,0.833440184639056,2.34656491233283,4.59300468388698,8.48835606471629,0.782188304110942,0.76550078064783,0.707363005393024,4.59300468388698,-3.13004595702399,-2.32269283318842,7.14082619186442,1470237699.26,93.167338,0.8345199258564198,0.665469265634701,-0.628976714369245,0,0,0,0,0,0,0,0,1,0
162,RBRF11,69.0,32307.0,0.6,0.825877494838266,2.46189124372972,4.94476484135592,9.64740079292913,0.820630414576573,0.824127473559319,0.803950066077428,4.13221455977909,1.24024526198439,2.07636566332219,4.28720497535109,1149405774.49,84.016161,0.8212705648381149,0.714015213022333,-1.83834922295694,0,0,0,0,0,0,0,0,0,1
163,RBRL11,84.96,6226.0,0.696,0.823961169646028,2.30682238100043,4.3844958779174,9.14530155745664,0.768940793666809,0.730749312986233,0.762108463121387,4.3844958779174,-4.06587166382737,-3.27541169789892,-3.86552212339265,717331281.51,107.27195,0.7920057386856488,0.605936593862608,0.682356234788228,0,0,0,0,0,1,0,0,0,0
164,EDFO11B,175.04,720.0,1.65369356,0.822651258581236,2.28380339844692,4.32867556024039,8.00343647285476,0.761267799482305,0.721445926706732,0.666953039404563,4.3286755602404,-1.32050463894752,-0.508716528398212,-2.38149260895264,45277206.52,191.85257,0.9123672411581456,0.802872299286895,0.0074385563258117,0,0,0,0,1,0,0,0,0,0
165,VVPR11,95.87,352.0,0.79,0.813510452064669,2.41047090949587,4.90958567122013,9.5490163415747,0.803490303165291,0.818264278536688,0.795751361797891,4.09275263734832,-0.389783567545388,0.420555954456869,8.23976462351339,238445073.76,103.412296,0.9270657717530999,0.742996483706348,0.0199000459620846,0,0,0,1,0,0,0,0,0,0
166,FPAB11,193.99,93.0,1.6,0.811935451131635,2.31257510550855,4.34711775317034,7.79650646640462,0.77085836850285,0.72451962552839,0.649708872200385,4.34711775317034,-7.01208003020007,-6.25707814269536,-6.49631023563736,307513373.89,410.017832,0.47312576395457845,0.397543685368299,0.00280142005411044,0,0,0,0,1,0,0,0,0,0
167,HGBS11,170.97,10614.0,1.4,0.808127453244054,2.17880984456449,4.19608916014284,7.1218660814482,0.726269948188163,0.69934819335714,0.593488840120683,4.19608916014283,-3.5197148585431,-2.74003118734684,8.16613669940727,2165192006.43,216.519201,0.7896297381958286,0.57731600441293,0.139772550435424,0,0,0,0,0,0,0,0,1,0
168,EURO11,207.62,129.0,1.75,0.805820325090943,2.3590762779386,4.90390322615669,9.46960172069905,0.786358759312867,0.817317204359449,0.789133476724921,4.90390322615669,-4.56163480553725,-3.79257306086576,13.4525822479039,120082868.33,312.767931,0.6638148589472878,0.543533985266539,0.0506961641754566,0,0,0,0,0,1,0,0,0,0
169,IBFF11,62.35,369.0,0.5,0.803212851405622,2.50970151829697,5.05313479879784,9.84305413281126,0.836567172765656,0.842189133132973,0.820254511067605,4.21575412554378,6.39206973166981,7.24662450863103,9.71595164877679,48361846.89,72.541211,0.859511429992532,0.689263376096658,-1.95146973428643,0,0,0,0,0,0,0,0,0,1
170,XPIN11,72.0,5415.0,0.61,0.799161535438229,2.29687473743755,4.44008518346073,8.49998669206717,0.765624912479182,0.740014197243455,0.708332224338931,3.76880121968876,-2.59060745278203,-1.81214905564064,-7.5257832302918,777640109.45,108.754436,0.6620419602930036,0.560896660803795,-0.843752877408321,0,0,0,0,0,0,1,0,0,0
171,VSHO11,78.38,125.0,0.63,0.797872340425532,2.42296766484108,4.61273966664426,9.17087437030802,0.807655888280361,0.76878994444071,0.764239530859002,4.61273966664426,-1.30000000000001,-0.512500000000005,5.3157767653107,206959185.53,98.608341,0.7948617652942767,0.638891186699916,-2.95692211771772,0,0,0,0,0,0,0,0,1,0
172,MAXR11,77.81,445.0,0.618718313,0.790795389826176,2.59608200359529,4.48335219666276,10.2183451824705,0.865360667865096,0.74722536611046,0.851528765205875,3.70449299157899,-4.51549914571638,-3.76041211496216,-0.51375378208709,135414523.06,120.298425,0.646808135684237,0.666736015870532,0.0832265737207738,0,0,0,0,0,0,1,0,0,0
173,HBRH11,83.6,568.0,0.6545,0.790458937198068,2.42997548922142,5.08284017759744,10.5618386714608,0.809991829740472,0.847140029599574,0.880153222621731,5.08284017759744,-2.51942547680716,-1.74888156345656,-3.75838348868285,313449092.21,113.068552,0.739374463732409,0.589376964869949,-0.104886353385858,0,0,0,1,0,0,0,0,0,0
174,BRCR11,59.78,31189.0,0.47,0.790048747688687,2.22474762724051,4.3788450707872,8.35073546660878,0.741582542413503,0.729807511797867,0.695894622217398,3.66476337984176,-11.4732142857143,-10.7738095238095,-9.26125551717829,2703973474.88,101.507357,0.5889228304900107,0.463020626179834,-3.16477415378682,0,0,0,1,0,0,0,0,0,0
175,RBRP11,56.25,23098.0,0.45,0.78301722637898,2.21013958388248,4.27251796411213,7.89903665744373,0.736713194627493,0.712086327352022,0.658253054786977,4.27251796411213,-9.23878711307644,-8.52811118130132,-14.5977032843493,1000575637.38,82.154551,0.6846851369195603,0.547748109535648,-0.349314828807734,0,0,0,0,0,0,1,0,0,0
176,LGCP11,76.95,2108.0,0.62,0.782433114588592,2.31381999967433,4.55385259161277,8.47467991831012,0.771273333224775,0.758975431935461,0.706223326525844,4.55385259161276,2.24516129032257,3.04516129032257,0.873026736610161,279025679.58,102.100246,0.753671053838597,0.607246333177297,0.0083728649512782,0,0,0,0,0,1,0,0,0,0
177,BRCO11,98.0,20651.0,0.77,0.781408565049726,2.05380548747684,3.97870396286447,7.55452907089625,0.684601829158948,0.663117327144078,0.629544089241354,3.97870396286447,-1.32185059082716,-0.550771079511303,5.45782741224383,1757794758.42,118.940443,0.8239417773145506,0.529676856845068,0.0190577052481267,0,0,0,0,0,1,0,0,0,0
178,RMAI11,35.5,91.0,0.26,0.778676250374364,2.32552367632855,4.78452417971972,4.78452417971972,0.775174558776182,0.797420696619953,0.398710348309977,4.78452417971972,0.300390507659953,1.08140582757583,-12.4510888809116,265344746.54,108.578749,0.3269516394962333,0.239457538785974,0.445256621160639,0,0,0,0,1,0,0,0,0,0
179,FIIB11,435.0,1060.0,3.3,0.776470588235294,2.29039089664423,4.39716828577849,8.74068387380149,0.763463632214743,0.732861380963082,0.728390322816791,3.71192877315509,-1.92684896734742,-1.1653397946233,-4.52021414602429,312880513.96,456.759874,0.9523603642994262,0.722480276365082,0.00643486717650799,0,0,0,1,0,0,0,0,0,0
180,ABCP11,72.62,1164.0,0.54,0.774748923959828,2.47205432861784,4.76519628850979,9.0828361610654,0.824018109539279,0.794199381418299,0.756903013422117,4.76519628850979,-3.86206896551724,-3.11724137931034,-1.33973100838654,1120247855.81,91.794762,0.7911126780850524,0.642738198939935,-0.035606996377846,0,0,0,0,0,0,0,0,1,0
181,HSLG11,84.19,4688.0,0.65,0.773901654958924,2.23698133546168,4.3492374420592,8.19186116103883,0.745660445153892,0.724872907009866,0.682655096753236,4.34923744205919,-2.5072547881602,-1.75275681950089,-2.38203212892837,1401752936.38,110.722395,0.7603701130200443,0.587053775345087,-0.0846248317923792,0,0,0,0,0,1,0,0,0,0
182,VINO11,43.92,19859.0,0.34,0.770450940403354,2.128544648016,4.22144882688319,9.79819340240172,0.709514882672,0.703574804480532,0.81651611686681,4.22144882688319,-9.90200081665985,-9.2078399346672,-10.8887074570558,898058411.59,54.213364,0.8101323503924236,0.627151637371184,-0.713081614276911,0,0,0,0,1,0,0,0,0,0
183,FLMA11,111.99,404.0,0.85,0.765765765765766,2.15159885183934,3.94714349263053,6.70105051844916,0.717199617279782,0.657857248771755,0.55842087653743,3.94714349263053,-5.04704875962362,-4.31993156544055,-2.15773300822257,216770187.37,157.00362,0.713295655221198,0.509542391442949,0.0502100279504702,0,0,0,1,0,0,0,0,0,0
184,NSLU11,142.01,650.0,1.537021016,0.758835357195754,2.25614415959487,4.93635364288423,9.48574207363009,0.75204805319829,0.822725607147372,0.790478506135841,0.758835357195754,0.0,0.758835357195764,0.758835357195764,238028433.66,207.921413,0.6829984365294786,-9999999999.0,-9999999999.0,0,1,0,0,0,0,0,0,0,0
185,EVBI11,98.37,149.0,0.75,0.758418444736576,2.30311485190011,4.93152556548886,8.95751083212524,0.767704950633371,0.821920927581477,0.746459236010437,3.92292878276054,0.0910931174089136,0.850202429149816,10.558783548768,137475328.4,98.353326,1.000169531633328,0.76255682497204,-0.59955291221182,0,0,0,1,0,0,0,0,0,0
186,WTSP11B,37.5,31.0,0.3173469747,0.755948010242973,2.56689797572724,4.6692565775555,6.8523874970883,0.855632658575748,0.778209429592583,0.571032291424025,0.755948010242973,0.0,0.755948010242968,0.755948010242968,79910289.95,80.508873,0.4657871685770586,-9999999999.0,-9999999999.0,0,0,0,1,0,0,0,0,0,0
187,LVBI11,97.98,18842.0,0.74,0.751497918147659,2.21772060974586,4.35451041777723,8.38496294022524,0.739240203248619,0.725751736296205,0.698746911685437,3.65148462607778,-3.64970645792564,-2.92563600782779,3.37974710966422,1350472515.23,114.688086,0.8543171607206,0.645228310811639,-0.0768843185970147,0,0,0,0,0,1,0,0,0,0
188,PATL11,72.0,14330.0,0.58,0.751295336787565,2.25497779460522,4.53550111354474,9.30987481776207,0.751659264868408,0.755916852257456,0.775822901480173,4.53550111354473,-0.297042489990962,0.452021180421025,6.93531674585655,489268515.89,98.01965,0.7345465934636576,0.591718089179057,-0.0155964801937025,0,0,0,1,0,0,0,0,0,0
189,XPLG11,95.74,37131.0,0.7,0.747304366392655,2.13345778360131,4.1782315648578,7.91829990218335,0.71115259453377,0.696371927476299,0.659858325181945,4.17823156485779,-1.87513094489837,-1.14183951393253,-0.810065169300067,3082675354.63,113.747405,0.8416895312908457,0.597815835886542,0.435820170377998,0,0,0,0,0,1,0,0,0,0
190,VILG11,93.17,23117.0,0.71,0.743377656789865,2.14029859106698,4.2175063699791,7.96511134132772,0.713432863688992,0.70291772832985,0.663759278443977,4.21750636997911,-3.76826196473551,-3.0528967254408,-2.81992129348738,1702339010.34,113.508973,0.8208161657845323,0.616691334173202,-0.089705310638899,0,0,0,0,0,1,0,0,0,0
191,HLOG11,86.63,275.0,0.65,0.743281875357347,2.2015560181739,4.32527035447929,8.00896716762368,0.733852006057968,0.720878392413215,0.667413930635307,4.32527035447929,1.09826589595377,1.84971098265896,-1.97416337133224,472461986.94,111.167526,0.7792743359243238,0.584703126342849,-0.727902045540096,0,0,0,0,0,1,0,0,0,0
192,ITIT11,71.55,1150.0,0.53,0.736929922135706,2.27973900632509,4.55734760256146,8.59499692994198,0.759913002108364,0.759557933760243,0.716249744161832,4.55734760256146,-0.0139024051160952,0.722925066036417,4.09475251702407,69231038.11,76.881176,0.930656940003103,0.68937551111341,-2.43573061582252,0,0,0,0,0,0,0,0,0,1
193,TEPP11,68.1,3784.0,0.5,0.730673681134005,2.15602288908974,4.17951506432697,8.004492905195,0.718674296363247,0.696585844054494,0.667041075432917,4.17951506432697,-0.116771274266525,0.613049189899284,-2.89875326125072,381155465.82,90.27912,0.7543272464330621,0.553837919554378,-0.255906638618575,0,0,0,0,1,0,0,0,0,0
194,PQAG11,56.0,140.0,0.41,0.71791279985992,2.10476214701139,4.20511616037971,7.78641364389387,0.701587382337131,0.700852693396618,0.648867803657823,4.20511616037971,0.31617776216406,1.03636044264885,5.40532642489091,797170393.11,56.973746,0.9829088647251666,0.719629704530926,0.0201870547698046,0,0,0,0,0,1,0,0,0,0
195,MALL11,100.02,13688.0,0.72,0.710479573712256,2.12719742667167,4.31766575295153,8.09820083987207,0.709065808890556,0.719610958825255,0.674850069989339,4.31766575295153,0.0987751876728726,0.809956538917445,9.52996484289979,819150849.09,108.348256,0.9231343788311644,0.664523847988841,-0.461346805470708,0,0,0,0,0,0,0,0,1,0
196,BTLG11,98.11,32203.0,0.72,0.707616707616708,2.10678360045741,4.19066042397246,8.22283424360661,0.702261200152472,0.69844340399541,0.685236186967218,3.50819596899616,-0.342801175318308,0.362389813907926,2.94063377202147,1504876179.16,98.81674,0.9928479729244256,0.728621486602371,-0.217813462872563,0,0,0,0,0,1,0,0,0,0
197,BRLA11,150.0,20300.0,1.05524524,0.703496826666667,2.16813517333591,4.19199699595331,5.50377662229217,0.722711724445302,0.698666165992218,0.458648051857681,3.48659924347104,3.44827586206897,4.17603120000001,3.53553711276136,285260278.84,159.29485,0.9416500282338067,0.661735859006113,-0.382849279324782,0,0,0,1,0,0,0,0,0,0
198,XPML11,92.15,31116.0,0.68,0.701754385964912,2.05957650160114,4.29951880608469,7.62754530935484,0.686525500533713,0.716586467680782,0.63562877577957,3.40666166322755,-0.513347022587274,0.184804928131421,7.04359629193729,1892808419.44,101.31952,0.9094989790713577,0.668183246110854,0.0119933622577451,0,0,0,0,0,0,0,0,1,0
199,FCFL11,114.0,2458.0,0.821610729,0.701751562179706,2.12395087611226,4.31250588191397,8.45837441434384,0.707983625370754,0.718750980318995,0.704864534528653,3.57809528822028,-2.17245989304814,-1.48595360210563,5.68781330048271,364002233.06,104.778695,1.0880074427344224,0.817797722141892,0.0159122544643564,0,0,0,0,0,0,1,0,0,0
200,GTLG11,100.0,3634.0,0.7,0.700140028005601,2.100280042007,4.21100994748486,0.0,0.700093347335667,0.701834991247476,0.0,4.21100994748486,-0.0100010001000017,0.690069006900695,5.85252107691583,675663743.88,94.195419,1.0616227525884248,0.743135926811897,-1.52407272251007,1,0,0,0,0,0,0,0,0,0
201,XPPR11,44.96,28288.0,0.35,0.695963412209187,2.29536469036793,4.56158625016436,9.56331944069449,0.765121563455977,0.760264375027393,0.796943286724541,4.56158625016436,-7.17977113325951,-6.53377630121816,-17.8969870110889,565410376.25,77.28228,0.5817633744760119,0.582280957549389,-1.53780216383662,0,0,0,0,0,0,1,0,0,0
202,VISC11,100.67,19786.0,0.7,0.693069306930693,2.06233612982992,4.11261550329788,7.70524455372737,0.687445376609974,0.685435917216313,0.642103712810614,4.11261550329788,-0.492610837438423,0.19704433497536,4.70206183300761,2037764034.54,115.152412,0.8742326647921191,0.607890002338813,-0.427462908839493,0,0,0,0,0,0,0,0,1,0
203,LASC11,91.99,1.0,0.63,0.684857049679313,1.79805936181804,3.70866416151823,7.25952535896539,0.599353120606014,0.618110693586371,0.604960446580449,3.70866416151823,2.2111111111111,2.91111111111109,6.06005318966538,282692671.94,112.26004,0.8194367292226156,0.32709769210843,-0.321006910550503,0,0,0,0,0,0,0,0,1,0
204,HAAA11,90.37,31.0,0.64,0.680923502500266,1.82381264023823,3.51460384701109,6.85266926831268,0.607937546746076,0.585767307835181,0.57105577235939,3.51460384701109,-1.06315789473684,-0.389473684210528,1.60968495650784,320439330.78,92.74655,0.9743758662721148,0.582231899731041,-0.721623825196083,0,0,0,0,1,0,0,0,0,0
205,ALZR11,117.0,9659.0,0.780681704,0.675914895238095,2.01043105772662,3.98215201560112,7.42881493987591,0.670143685908874,0.663692002600186,0.619067911656326,3.32828205665274,-0.730554361839275,-0.0595773923506515,2.82979117931339,642298148.7,108.459466,1.0787440166817712,0.711377280799078,-0.0459554944085339,0,0,0,0,0,1,0,0,0,0
206,NVHO11,10.5,456.0,0.0811680313,0.668049640329218,1.97377901247744,3.49809006215913,6.86709632341562,0.657926337492481,0.583015010359856,0.572258026951301,2.17858996793963,1.67364016736402,2.35287055481173,4.34263914599211,527581196.04,12.714475,0.8258304019631169,-9999999999.0,-9999999999.0,0,1,0,0,0,0,0,0,0,0
207,MFAI11,61.63,638.0,0.42,0.653493076085265,1.95285297697314,6.28143224431865,11.6901906274955,0.650950992324381,1.04690537405311,0.974182552291292,6.28143224431866,-11.351724137931,-10.7724137931035,-8.76265297954836,23120336.18,75.217438,0.8193578728379448,0.74450820832265,-2.50467185346863,0,0,0,1,0,0,0,0,0,0
208,FVPQ11,114.33,222.0,0.75,0.650251430553147,1.87869972496922,4.19372640982183,7.06958142526872,0.626233241656408,0.698954401636971,0.58913178543906,4.19372640982183,-1.69607091110543,-1.05684820591494,18.1931881950045,555123785.59,198.247945,0.5767020687150124,0.378314135866579,-0.0325491342971107,0,0,0,0,0,0,0,0,1,0
209,LUGG11,80.12,394.0,0.53,0.646341463414634,2.08989082367086,4.10315436642167,7.5217218376582,0.696630274556954,0.683859061070279,0.626810153138183,4.10315436642167,-1.76111177668623,-1.12615310890141,-1.58691660649666,115101292.16,127.890325,0.6264742856818919,0.41441758788243,2.30450531849686,0,0,0,0,0,0,0,1,0,0
210,JSRE11,77.4,16408.0,0.49,0.646182249769221,1.90842357118827,3.9315940406879,7.95524954635656,0.636141190396089,0.655265673447983,0.66293746219638,3.9315940406879,-2.53213367609254,-1.90231362467865,-0.866643003396483,2359889166.96,113.634704,0.6811299477666612,0.431206297681736,-0.0343562143867993,0,0,0,1,0,0,0,0,0,0
211,JRDM11,77.23,361.0,0.493450052,0.639101220049216,1.73020578049171,4.17593602087923,7.05884758571074,0.576735260163903,0.695989336813204,0.588237298809228,2.89950775801414,0.822669104204743,1.46702801253591,6.67751022941419,220883480.71,87.549062,0.8821339513608952,0.563626886145279,0.152385403137356,0,0,0,0,0,0,0,0,1,0
212,KNRI11,130.3,25332.0,0.84,0.638880438089443,1.88595116051788,3.69854612324008,7.0184058820899,0.628650386839292,0.616424353873347,0.584867156840825,3.69854612324008,-0.844645550527912,-0.211161387631986,3.01170168079274,3795886422.3,157.133229,0.8292326252647683,0.534578208152268,-0.0184408197209773,0,0,0,1,0,0,0,0,0,0
213,RBGS11,28.45,5157.0,0.1766,0.620738137082601,1.58647501386714,2.73210051207698,5.12248119414261,0.528825004622379,0.455350085346164,0.426873432845218,5.12248119414261,-1.89655172413793,-1.28758620689654,-28.7121723463601,97865283.71,90.784122,0.3133807914119608,0.176242272850312,0.00299180208773731,0,0,0,0,0,0,0,0,1,0
214,BICR11,103.49,2.0,0.61,0.616161616161616,2.66223943929312,4.65391337553046,7.82208843637302,0.887413146431041,0.775652229255077,0.651840703031085,4.65391337553046,0.50761421319796,1.1269035532995,9.92939803437989,49965411.28,99.930823,1.035616408362813,0.610422271814973,-0.238930435970142,0,0,0,0,0,0,0,0,0,1
215,PVBI11,88.6,27062.0,0.56,0.610021786492375,1.7852902342959,3.67778857014273,7.40905318212364,0.595096744765301,0.612964761690454,0.617421098510304,3.03173411698167,-4.17536534446764,-3.59081419624218,7.03289703647469,995275932.69,99.136075,0.893721079838999,0.564880140756027,-0.144468894047545,0,0,0,0,1,0,0,0,0,0
216,HGRE11,126.52,18964.0,0.78,0.601480567550895,1.80668267736983,3.41690361502343,8.0949278373981,0.602227559123277,0.569483935837238,0.674577319783175,3.41690361502343,-0.932009167303283,-0.336134453781511,1.26381734799779,1924601744.59,162.856633,0.7768796251608616,0.478948867867114,-1.08037935650978,0,0,0,0,1,0,0,0,0,0
217,BREV11,96.5,5.0,0.57,0.590673575129534,1.75214375667198,3.51012011511569,6.70377996317343,0.584047918890659,0.585020019185949,0.558648330264452,3.51012011511569,2.65957446808511,3.26595744680853,4.65723405377962,106285979.32,109.89027,0.8781487205373142,0.491399284031243,0.0346602086558345,0,0,0,1,0,0,0,0,0,0
218,ONEF11,159.99,1691.0,0.92,0.577164366373902,1.74664979729263,3.53204160418913,6.72782206128466,0.582216599097543,0.588673600698188,0.560651838440389,4.16439454536559,1.07799619530755,1.66138237159164,22.1747603300794,159240183.47,174.797128,0.9152896379395892,0.526324437092582,0.0133904567176657,0,0,0,0,1,0,0,0,0,0
219,BLCP11,89.0,34.0,0.5,0.572868927589368,1.750324524101,3.61900394785024,6.69771975143265,0.583441508033665,0.603167324641707,0.558143312619388,2.99995632880263,1.48837209302326,2.06976744186047,12.4124492340349,225875176.13,98.365608,0.9047877790782324,0.51847389587629,-0.0066024815998933,0,0,0,0,0,0,1,0,0,0
220,RCRB11,124.99,4212.0,0.72,0.571383223553686,1.60790004670368,2.91135904475433,6.49864452533296,0.535966682234561,0.485226507459054,0.541553710444414,3.33375363810354,-2.34054095946679,-1.7825311942959,0.0470050621329543,719897351.6,195.057395,0.6407857543673234,0.307601770237934,0.0735205945318729,0,0,0,0,1,0,0,0,0,0
221,HSRE11,100.0,58.0,0.56,0.56,1.68,3.36,7.08496250809366,0.56,0.56,0.590413542341138,3.36,0.0,0.560000000000005,3.40739271048189,827352123.56,97.129127,1.0295572820293135,0.576552077936416,0.0308766876281119,0,0,0,1,0,0,0,0,0,0
222,WPLZ11,70.01,13.0,0.4,0.555632726767607,1.38150814960344,2.55855562683079,4.1695679166371,0.46050271653448,0.426425937805131,0.347463993053092,2.55855562683079,1.55169981661729,2.1159542953872,2.94335838765862,104841901.37,102.710957,0.6816215333287179,0.292081788313977,-0.12987662309073,0,0,0,0,0,0,0,0,1,0
223,HPDP11,82.69,13.0,0.45,0.545719136551055,1.63041157472715,3.26131004442764,6.0974449870134,0.54347052490905,0.543551674071274,0.50812041558445,3.26131004442765,-1.82164543398023,-1.28586736516252,2.03148085885732,275728285.78,94.790654,0.8723433852455538,0.474730346306082,0.0142481600259092,0,0,0,0,0,0,0,0,1,0
224,VLOL11,100.0,494.0,0.53,0.537907236374708,1.79161507259411,3.44534981059317,6.42313018574476,0.597205024198036,0.574224968432195,0.535260848812063,3.44534981059317,0.315618000407247,0.855222968845437,9.08618721209009,184805807.65,103.542643,0.9657856618552803,0.598787110350274,0.0046369519658418,0,0,0,0,1,0,0,0,0,0
225,BLCA11,95.0,37.0,0.505,0.531578947368421,1.55442236786643,2.58508720038786,0.0,0.518140789288809,0.43084786673131,0.0,2.58508720038786,-3.54350695502081,-3.03076454462382,-0.529227274041899,153292044.08,95.807528,0.991571351261667,0.52709845514436,-1.68039932026061,0,0,0,0,1,0,0,0,0,0
226,HGPO11,260.4,389.0,1.35,0.519670490414967,1.55973459297907,3.11374086690785,6.5198431218973,0.519911530993023,0.518956811151309,0.543320260158108,3.11374086690786,-0.0846153846153941,0.434615384615378,3.46907134050405,470185660.24,268.208997,0.9708846567887504,0.503338819763753,0.00821218113378208,0,0,0,0,1,0,0,0,0,0
227,PATC11,67.0,2742.0,0.32,0.472603751292276,1.41103833198737,2.77763169764161,5.60906014058531,0.470346110662458,0.462938616273602,0.467421678382109,2.77763169764162,-1.15328467153285,-0.686131386861311,6.3600212237805,303082185.17,87.156848,0.7687290389390861,0.367154167851504,0.105248694446991,0,0,0,0,1,0,0,0,0,0
228,BTWR11,105.49,3500.0,0.46,0.436060290074889,1.31766044174803,1.94062686611633,2.08160430972535,0.439220147249344,0.323437811019388,0.173467025810446,1.94062686611633,0.0,0.43606029007488,0.516816420274013,87721884.92,108.396353,0.9731877233913948,0.461270131477578,-0.224732941224204,0,0,0,0,1,0,0,0,0,0
229,XPHT11,107.22,1004.0,0.46,0.426914153132251,0.817326338157447,1.86542620932125,4.61418726429774,0.272442112719149,0.310904368220209,0.384515605358145,0.817326338157448,3.59580809537543,4.03807326218633,10.7819532066517,357825990.77,94.049845,1.1400337767701796,0.318979792045378,-0.0133507114420617,0,0,1,0,0,0,0,0,0,0
230,SHPH11,761.02,63.0,3.1,0.401024553051668,1.21168825677443,2.74619925769829,5.11841798455445,0.403896085591476,0.457699876283048,0.426534832046204,2.74619925769829,2.79521276595744,3.20744680851064,-1.44004206187117,541116717.56,888.606154,0.8564199072607368,0.343234174810813,0.135504734440572,0,0,0,0,0,0,0,0,1,0
231,CTXT11,13.58,283.0,0.09,0.39147455415398,0.780392785296247,1.36440988920719,5.52703990676752,0.260130928432082,0.227401648201198,0.460586658897293,1.36440988920719,-2.58474576271188,-2.2033898305085,-39.3088003325929,117762540.94,40.568994,0.3347383965202588,-9999999999.0,-9999999999.0,0,0,0,0,1,0,0,0,0,0
232,PLRI11,29.0,61.0,0.12175305,0.38047828125,1.51969825267857,7.80455916711168,10.7749570233192,0.50656608422619,1.30075986118528,0.897913085276603,7.80455916711167,-8.57142857142857,-8.22356271428571,-9.03160249231835,37217103.19,38.999211,0.7436047872865941,0.530682197647537,-1.58253935964217,0,0,0,0,0,0,0,0,0,1
233,OULG11,41.9,1459.0,0.1700000127,0.377777806,1.14293016207602,3.40395130064679,8.03174517166863,0.380976720692006,0.567325216774465,0.669312097639052,1.50052383666584,3.09278350515465,3.48224516082474,-3.91450655123302,182267031.86,73.456739,0.5704037583263804,-9999999999.0,-9999999999.0,0,0,0,0,0,0,1,0,0,0
234,RBVO11,11.35,110.0,0.04255563,0.373295,0.775725841080474,1.84475226031115,3.87558982239742,0.258575280360158,0.307458710051858,0.322965818533119,1.84475226031115,-8.13859790491539,-7.79568388396453,-5.59475133661765,12231697.36,23.712928,0.4786418615195896,0.0421219598018431,1.31072023455043,0,0,0,0,0,0,1,0,0,0
235,TRNT11,112.27,15.0,0.4,0.341909564920079,1.1041779577551,2.35244178054836,4.26516420528845,0.368059319251701,0.392073630091393,0.355430350440704,1.80224284613719,8.35417245531165,8.72464573492637,10.4745635693557,796806635.95,202.463241,0.5545204129178194,0.18768839129667,0.0145850210051091,0,0,0,0,1,0,0,0,0,0
236,HOSI11,67.0,784.0,0.22,0.316637881404721,1.32041241172772,2.82395711010301,6.66814975466428,0.440137470575906,0.470659518350502,0.555679146222023,2.82395711010301,-1.48872820076563,-1.17680419679569,-2.10244439787644,52763160.86,92.010046,0.7281813553272215,0.39126162375791,0.284967860869201,0,0,0,1,0,0,0,0,0,0
